item,postcode_from,postcode_to,zone,rating,source_page
1,0000,0799,3,1.382,2
2,0800,0853,2,1.536,2
3,0854,0854,3,1.382,2
4,0855,0861,2,1.536,2
5,0862,0862,3,1.382,2
6,0863,0869,2,1.536,2
7,0870,0879,1,1.622,2
8,0880,0885,3,1.382,2
9,0886,1000,2,1.536,2
10,1001,2355,3,1.382,2
11,2356,2357,2,1.536,2
12,2358,2384,3,1.382,2
13,2385,2389,2,1.536,2
14,2390,2395,3,1.382,2
15,2396,2397,2,1.536,2
16,2398,2399,3,1.382,2
17,2400,2400,2,1.536,2
18,2401,2404,3,1.382,2
19,2405,2407,2,1.536,2
20,2408,2544,3,1.382,2
21,2545,2554,4,1.185,3
22,2555,2627,3,1.382,3
23,2628,2628,4,1.185,3
24,2629,2629,3,1.382,3
25,2630,2639,4,1.185,3
26,2640,2816,3,1.382,3
27,2817,2817,2,1.536,3
28,2818,2820,3,1.382,3
29,2821,2829,2,1.536,3
30,2830,2830,3,1.382,3
31,2831,2841,2,1.536,3
32,2842,2872,3,1.382,3
33,2873,2873,2,1.536,3
34,2874,2877,3,1.382,3
35,2878,2889,2,1.536,3
36,2890,2999,3,1.382,3
37,3000,3035,4,1.185,3
38,3036,3038,3,1.382,3
39,3039,3044,4,1.185,3
40,3045,3045,3,1.382,3
41,3046,3046,4,1.185,3
42,3047,3049,3,1.382,3
43,3050,3058,4,1.185,4
44,3059,3059,3,1.382,4
45,3060,3060,4,1.185,4
46,3061,3064,3,1.382,4
47,3065,3074,4,1.185,4
48,3075,3076,3,1.382,4
49,3077,3098,4,1.185,4
50,3099,3099,3,1.382,4
51,3100,3292,4,1.185,4
52,3293,3302,3,1.382,4
53,3303,3308,4,1.185,4
54,3309,3319,3,1.382,4
55,3320,3333,4,1.185,4
56,3334,3337,3,1.382,4
57,3338,3339,4,1.185,4
58,3340,3758,3,1.382,4
59,3759,3760,4,1.185,4
60,3761,3764,3,1.382,4
61,3765,3999,4,1.185,4
62,4000,4416,3,1.382,4
63,4417,4417,2,1.536,4
64,4418,4427,3,1.382,4
65,4428,4473,2,1.536,5
66,4474,4476,1,1.622,5
67,4477,4478,2,1.536,5
68,4479,4485,1,1.622,5
69,4486,4491,2,1.536,5
70,4492,4492,1,1.622,5
71,4493,4493,2,1.536,5
72,4494,4494,3,1.382,5
73,4495,4497,2,1.536,5
74,4498,4719,3,1.382,5
75,4720,4722,2,1.536,5
76,4723,4723,3,1.382,5
77,4724,4734,2,1.536,5
78,4735,4736,1,1.622,5
79,4737,4822,3,1.382,5
80,4823,4823,2,1.536,5
81,4824,4824,3,1.382,5
82,4825,4827,2,1.536,5
83,4828,4828,3,1.382,5
84,4829,4829,1,1.622,5
85,4830,5431,3,1.382,5
86,5432,5450,2,1.536,5
87,5451,5654,3,1.382,6
88,5655,5669,2,1.536,6
89,5670,5679,3,1.382,6
90,5680,5699,2,1.536,6
91,5700,5709,3,1.382,6
92,5710,5722,2,1.536,6
93,5723,5724,1,1.622,6
94,5725,5730,2,1.536,6
95,5731,5731,1,1.622,6
96,5732,5732,2,1.536,6
97,5733,5799,1,1.622,6
98,5800,6043,3,1.382,6
99,6044,6044,2,1.536,6
100,6045,6256,3,1.382,6
101,6257,6270,4,1.185,6
102,6271,6316,3,1.382,6
103,6317,6349,4,1.185,6
104,6350,6353,3,1.382,6
105,6354,6356,4,1.185,6
106,6357,6394,3,1.382,6
107,6395,6400,4,1.185,6
108,6401,6430,3,1.382,6
109,6431,6431,2,1.536,7
110,6432,6433,3,1.382,7
111,6434,6440,2,1.536,7
112,6441,6441,1,1.622,7
113,6442,6444,3,1.382,7
114,6445,6459,4,1.185,7
115,6460,6467,3,1.382,7
116,6468,6469,2,1.536,7
117,6470,6471,3,1.382,7
118,6472,6472,2,1.536,7
119,6473,6506,3,1.382,7
120,6507,6508,2,1.536,7
121,6509,6509,3,1.382,7
122,6510,6536,2,1.536,7
123,6537,6537,1,1.622,7
124,6538,6555,2,1.536,7
125,6556,6573,3,1.382,7
126,6574,6602,2,1.536,7
127,6603,6607,3,1.382,7
128,6608,6641,2,1.536,7
129,6642,6724,1,1.622,7
130,6725,6750,2,1.536,7
131,6751,6764,1,1.622,8
132,6765,6765,2,1.536,8
133,6766,6797,1,1.622,8
134,6798,6799,2,1.536,8
135,6800,6999,3,1.382,8
136,7000,8999,4,1.185,8
137,9000,9999,3,1.382,8
